danceability,energy,key,loudness,mode,speechiness,acousticness,instrumentalness,liveness,valence,tempo,type,id,uri,track_href,analysis_url,duration_ms,time_signature,artist_name,album,track_name,popularity
0.636,0.915,1,-3.473,1,0.183,0.0353,0.0,0.0978,0.511,90.946,audio_features,0O22hXRIdbyrnMQk7VldC9,spotify:track:0O22hXRIdbyrnMQk7VldC9,https://api.spotify.com/v1/tracks/0O22hXRIdbyrnMQk7VldC9,https://api.spotify.com/v1/audio-analysis/0O22hXRIdbyrnMQk7VldC9,204000,4,NCT 127,NCT #127 Neo Zone: The Final Round - The 2nd Album Repackage,Punch,66
0.555,0.926,0,-2.793,0,0.113,0.0892,0.0,0.0626,0.644,149.725,audio_features,23a4qKSwqUK70S8GnXa0Js,spotify:track:23a4qKSwqUK70S8GnXa0Js,https://api.spotify.com/v1/tracks/23a4qKSwqUK70S8GnXa0Js,https://api.spotify.com/v1/audio-analysis/23a4qKSwqUK70S8GnXa0Js,204707,4,NCT 127,NCT #127 Neo Zone: The Final Round - The 2nd Album Repackage,NonStop,57
0.569,0.823,4,-5.709,0,0.169,0.00796,0.779,0.28,0.328,166.994,audio_features,6hHzGmjnndU1GyJsZwQ0HH,spotify:track:6hHzGmjnndU1GyJsZwQ0HH,https://api.spotify.com/v1/tracks/6hHzGmjnndU1GyJsZwQ0HH,https://api.spotify.com/v1/audio-analysis/6hHzGmjnndU1GyJsZwQ0HH,105280,4,NCT 127,NCT #127 Neo Zone: The Final Round - The 2nd Album Repackage,Prelude,46
0.681,0.847,7,-2.462,1,0.0867,0.0306,0.0,0.0808,0.506,167.036,audio_features,3T89k61L3Uw1gHpuAKMEVH,spotify:track:3T89k61L3Uw1gHpuAKMEVH,https://api.spotify.com/v1/tracks/3T89k61L3Uw1gHpuAKMEVH,https://api.spotify.com/v1/audio-analysis/3T89k61L3Uw1gHpuAKMEVH,233013,4,NCT 127,NCT #127 Neo Zone: The Final Round - The 2nd Album Repackage,Kick It,47
0.74,0.628,2,-3.355,1,0.143,0.043,1.74e-06,0.12,0.307,104.929,audio_features,1fX2Cec5SwCg7YN2iIZzR7,spotify:track:1fX2Cec5SwCg7YN2iIZzR7,https://api.spotify.com/v1/tracks/1fX2Cec5SwCg7YN2iIZzR7,https://api.spotify.com/v1/audio-analysis/1fX2Cec5SwCg7YN2iIZzR7,209080,4,NCT 127,NCT #127 Neo Zone: The Final Round - The 2nd Album Repackage,Boom,45
0.636,0.814,0,-3.38,1,0.0693,0.127,0.0,0.064,0.635,159.97,audio_features,42fbsXQxGelDfIPiW6WbZb,spotify:track:42fbsXQxGelDfIPiW6WbZb,https://api.spotify.com/v1/tracks/42fbsXQxGelDfIPiW6WbZb,https://api.spotify.com/v1/audio-analysis/42fbsXQxGelDfIPiW6WbZb,249120,4,NCT 127,NCT #127 Neo Zone: The Final Round - The 2nd Album Repackage,Pandora's Box,43
0.421,0.799,4,-4.441,1,0.14,0.203,0.0,0.198,0.176,136.424,audio_features,01MofO92inu7XFSfCXwsbT,spotify:track:01MofO92inu7XFSfCXwsbT,https://api.spotify.com/v1/tracks/01MofO92inu7XFSfCXwsbT,https://api.spotify.com/v1/audio-analysis/01MofO92inu7XFSfCXwsbT,205747,3,NCT 127,NCT #127 Neo Zone: The Final Round - The 2nd Album Repackage,Day Dream,43
0.602,0.411,2,-5.634,0,0.0315,0.839,0.0,0.283,0.439,117.661,audio_features,3AHenSAPA6AQZZnyuWHJnz,spotify:track:3AHenSAPA6AQZZnyuWHJnz,https://api.spotify.com/v1/tracks/3AHenSAPA6AQZZnyuWHJnz,https://api.spotify.com/v1/audio-analysis/3AHenSAPA6AQZZnyuWHJnz,215027,3,NCT 127,NCT #127 Neo Zone: The Final Round - The 2nd Album Repackage,Make Your Day,50
0.534,0.575,7,-6.628,1,0.106,0.244,0.807,0.0296,0.109,166.078,audio_features,2BuX8GK4FWQ5EEHCepk7lk,spotify:track:2BuX8GK4FWQ5EEHCepk7lk,https://api.spotify.com/v1/tracks/2BuX8GK4FWQ5EEHCepk7lk,https://api.spotify.com/v1/audio-analysis/2BuX8GK4FWQ5EEHCepk7lk,99120,4,NCT 127,NCT #127 Neo Zone: The Final Round - The 2nd Album Repackage,Interlude: Neo Zone,40
0.646,0.863,2,-3.415,1,0.381,0.206,0.0,0.0976,0.614,157.834,audio_features,4uKoZz59e8bAdiC2bXSCWX,spotify:track:4uKoZz59e8bAdiC2bXSCWX,https://api.spotify.com/v1/tracks/4uKoZz59e8bAdiC2bXSCWX,https://api.spotify.com/v1/audio-analysis/4uKoZz59e8bAdiC2bXSCWX,183187,4,NCT 127,NCT #127 Neo Zone: The Final Round - The 2nd Album Repackage,MAD DOG,44
0.819,0.812,1,-4.203,1,0.11,0.0603,2.03e-05,0.0429,0.719,127.983,audio_features,6PxbberVGvYZ6z54ySjAM3,spotify:track:6PxbberVGvYZ6z54ySjAM3,https://api.spotify.com/v1/tracks/6PxbberVGvYZ6z54ySjAM3,https://api.spotify.com/v1/audio-analysis/6PxbberVGvYZ6z54ySjAM3,200200,4,NCT 127,NCT #127 Neo Zone: The Final Round - The 2nd Album Repackage,Sit Down!,45
0.547,0.778,6,-4.733,0,0.139,0.152,0.0,0.0515,0.383,126.181,audio_features,3pyNUDyPRMG1pY2zVg3Lxl,spotify:track:3pyNUDyPRMG1pY2zVg3Lxl,https://api.spotify.com/v1/tracks/3pyNUDyPRMG1pY2zVg3Lxl,https://api.spotify.com/v1/audio-analysis/3pyNUDyPRMG1pY2zVg3Lxl,248253,4,NCT 127,NCT #127 Neo Zone: The Final Round - The 2nd Album Repackage,Love Me Now,44
0.652,0.784,1,-3.271,1,0.143,0.0477,0.0,0.0866,0.667,129.837,audio_features,6T3QlZPHu7ckPNKPs8J36v,spotify:track:6T3QlZPHu7ckPNKPs8J36v,https://api.spotify.com/v1/tracks/6T3QlZPHu7ckPNKPs8J36v,https://api.spotify.com/v1/audio-analysis/6T3QlZPHu7ckPNKPs8J36v,215160,4,NCT 127,NCT #127 Neo Zone: The Final Round - The 2nd Album Repackage,Love Song,43
0.56,0.567,7,-3.968,0,0.0288,0.203,0.0,0.13,0.214,70.978,audio_features,2xszaAGmpxMjoqDBxgTKKn,spotify:track:2xszaAGmpxMjoqDBxgTKKn,https://api.spotify.com/v1/tracks/2xszaAGmpxMjoqDBxgTKKn,https://api.spotify.com/v1/audio-analysis/2xszaAGmpxMjoqDBxgTKKn,243427,4,NCT 127,NCT #127 Neo Zone: The Final Round - The 2nd Album Repackage,White Night,42
0.761,0.573,9,-5.229,1,0.0332,0.627,9.04e-06,0.125,0.428,126.991,audio_features,4ZynSbjqh6owUojGwvLyRx,spotify:track:4ZynSbjqh6owUojGwvLyRx,https://api.spotify.com/v1/tracks/4ZynSbjqh6owUojGwvLyRx,https://api.spotify.com/v1/audio-analysis/4ZynSbjqh6owUojGwvLyRx,225173,4,NCT 127,NCT #127 Neo Zone: The Final Round - The 2nd Album Repackage,Not Alone,42
0.557,0.668,6,-4.345,0,0.0474,0.144,0.0,0.145,0.38,97.985,audio_features,3xATy1secmNHldXsVjs9zP,spotify:track:3xATy1secmNHldXsVjs9zP,https://api.spotify.com/v1/tracks/3xATy1secmNHldXsVjs9zP,https://api.spotify.com/v1/audio-analysis/3xATy1secmNHldXsVjs9zP,225560,4,NCT 127,NCT #127 Neo Zone: The Final Round - The 2nd Album Repackage,Dreams Come True,41
0.731,0.707,4,-3.808,0,0.0582,0.105,0.0,0.404,0.579,103.969,audio_features,6iflfdX1CD1X27257fM0RD,spotify:track:6iflfdX1CD1X27257fM0RD,https://api.spotify.com/v1/tracks/6iflfdX1CD1X27257fM0RD,https://api.spotify.com/v1/audio-analysis/6iflfdX1CD1X27257fM0RD,209880,4,NCT 127,NCT #127 Neo Zone: The Final Round - The 2nd Album Repackage,Elevator (127F),43
0.853,0.723,7,-5.79,1,0.0622,0.0166,0.0,0.0908,0.381,101.035,audio_features,6hhhHpEscqlIVyDWncbqUl,spotify:track:6hhhHpEscqlIVyDWncbqUl,https://api.spotify.com/v1/tracks/6hhhHpEscqlIVyDWncbqUl,https://api.spotify.com/v1/audio-analysis/6hhhHpEscqlIVyDWncbqUl,185799,4,NCT 127,Awaken,Lips,31
0.71,0.743,10,-4.877,0,0.0494,0.0529,0.0,0.293,0.629,140.057,audio_features,304px13jll5AIVxIU0IzuO,spotify:track:304px13jll5AIVxIU0IzuO,https://api.spotify.com/v1/tracks/304px13jll5AIVxIU0IzuO,https://api.spotify.com/v1/audio-analysis/304px13jll5AIVxIU0IzuO,182386,4,NCT 127,Awaken,Wakey-Wakey,35
0.597,0.951,10,-2.78,0,0.107,0.126,0.0,0.487,0.774,140.033,audio_features,2TTTxdB7cOlo6yWuW5T42C,spotify:track:2TTTxdB7cOlo6yWuW5T42C,https://api.spotify.com/v1/tracks/2TTTxdB7cOlo6yWuW5T42C,https://api.spotify.com/v1/audio-analysis/2TTTxdB7cOlo6yWuW5T42C,222292,4,NCT 127,Awaken,Chain,37
0.741,0.747,9,-5.459,0,0.0956,0.263,5.15e-06,0.266,0.831,134.039,audio_features,3FBABeYoEbd5wLlUO5dKxO,spotify:track:3FBABeYoEbd5wLlUO5dKxO,https://api.spotify.com/v1/tracks/3FBABeYoEbd5wLlUO5dKxO,https://api.spotify.com/v1/audio-analysis/3FBABeYoEbd5wLlUO5dKxO,219107,4,NCT 127,Awaken,Regular - English Version,17
0.584,0.829,8,-4.833,1,0.117,0.0266,0.0,0.307,0.634,93.048,audio_features,4IARQ6ZyAMXkMe4rGS7DMB,spotify:track:4IARQ6ZyAMXkMe4rGS7DMB,https://api.spotify.com/v1/tracks/4IARQ6ZyAMXkMe4rGS7DMB,https://api.spotify.com/v1/audio-analysis/4IARQ6ZyAMXkMe4rGS7DMB,189612,4,NCT 127,Awaken,Touch - Japanese Version,21
0.841,0.759,6,-4.075,0,0.0405,0.067,0.0,0.179,0.461,108.011,audio_features,78x0lbRvf907dicKMHbN4F,spotify:track:78x0lbRvf907dicKMHbN4F,https://api.spotify.com/v1/tracks/78x0lbRvf907dicKMHbN4F,https://api.spotify.com/v1/audio-analysis/78x0lbRvf907dicKMHbN4F,227599,4,NCT 127,Awaken,Blow My Mind,29
0.616,0.78,7,-5.825,0,0.124,0.00851,0.0,0.037,0.468,156.886,audio_features,1UPouauOU3RdBWFvDtKe3c,spotify:track:1UPouauOU3RdBWFvDtKe3c,https://api.spotify.com/v1/tracks/1UPouauOU3RdBWFvDtKe3c,https://api.spotify.com/v1/audio-analysis/1UPouauOU3RdBWFvDtKe3c,247746,4,NCT 127,Awaken,Limitless - Japanese Version,29
0.537,0.446,0,-6.572,1,0.0277,0.398,0.0,0.122,0.214,131.96,audio_features,4JYsIvlneP0nl9dGCDZtAp,spotify:track:4JYsIvlneP0nl9dGCDZtAp,https://api.spotify.com/v1/tracks/4JYsIvlneP0nl9dGCDZtAp,https://api.spotify.com/v1/audio-analysis/4JYsIvlneP0nl9dGCDZtAp,264946,4,NCT 127,Awaken,Long Slow Distance,34
0.763,0.885,1,-5.153,1,0.226,0.0146,0.0,0.134,0.56,108.689,audio_features,37Jpl6R1ypHrmZguMPXa62,spotify:track:37Jpl6R1ypHrmZguMPXa62,https://api.spotify.com/v1/tracks/37Jpl6R1ypHrmZguMPXa62,https://api.spotify.com/v1/audio-analysis/37Jpl6R1ypHrmZguMPXa62,209399,3,NCT 127,Awaken,Kitchen Beat,23
0.713,0.603,6,-4.896,0,0.287,0.000759,5.51e-06,0.0453,0.799,78.027,audio_features,1pQjbHZjCFuXQ1tiLaDN1K,spotify:track:1pQjbHZjCFuXQ1tiLaDN1K,https://api.spotify.com/v1/tracks/1pQjbHZjCFuXQ1tiLaDN1K,https://api.spotify.com/v1/audio-analysis/1pQjbHZjCFuXQ1tiLaDN1K,236667,4,NCT 127,Awaken,Cherry Bomb,16
0.724,0.976,1,-3.279,1,0.0602,0.116,1.3e-05,0.352,0.626,110.006,audio_features,5FHtuwwuAP5lJM8Y9aqcW4,spotify:track:5FHtuwwuAP5lJM8Y9aqcW4,https://api.spotify.com/v1/tracks/5FHtuwwuAP5lJM8Y9aqcW4,https://api.spotify.com/v1/audio-analysis/5FHtuwwuAP5lJM8Y9aqcW4,178565,4,NCT 127,Awaken,Fire Truck,38
0.742,0.63,10,-5.317,0,0.0374,0.411,0.0,0.0848,0.308,107.999,audio_features,26etNMdlWT70ihVEyQZI3m,spotify:track:26etNMdlWT70ihVEyQZI3m,https://api.spotify.com/v1/tracks/26etNMdlWT70ihVEyQZI3m,https://api.spotify.com/v1/audio-analysis/26etNMdlWT70ihVEyQZI3m,209679,4,NCT 127,Awaken,End to Start,30
0.736,0.792,9,-4.49,0,0.0938,0.285,8.38e-06,0.277,0.838,134.046,audio_features,0USu6QmaYdJSRoAIWxLKI5,spotify:track:0USu6QmaYdJSRoAIWxLKI5,https://api.spotify.com/v1/tracks/0USu6QmaYdJSRoAIWxLKI5,https://api.spotify.com/v1/audio-analysis/0USu6QmaYdJSRoAIWxLKI5,219506,4,NCT 127,Awaken,Regular - English Ver.,17
0.597,0.83,8,-4.833,1,0.104,0.0278,0.0,0.308,0.652,93.022,audio_features,165Bm24pQ4hu97eS4XWxhT,spotify:track:165Bm24pQ4hu97eS4XWxhT,https://api.spotify.com/v1/tracks/165Bm24pQ4hu97eS4XWxhT,https://api.spotify.com/v1/audio-analysis/165Bm24pQ4hu97eS4XWxhT,189612,4,NCT 127,Awaken,Touch - Japanese Ver.,38
0.612,0.786,7,-5.825,1,0.122,0.00848,0.0,0.0353,0.478,156.904,audio_features,6j5VEFT5RIJh6TLiTigCdp,spotify:track:6j5VEFT5RIJh6TLiTigCdp,https://api.spotify.com/v1/tracks/6j5VEFT5RIJh6TLiTigCdp,https://api.spotify.com/v1/audio-analysis/6j5VEFT5RIJh6TLiTigCdp,247746,4,NCT 127,Awaken,Limitless - Japanese Ver.,39
0.719,0.64,6,-4.82,0,0.284,0.000575,4.69e-06,0.0466,0.804,78.006,audio_features,2zndLbObJCnY2Ow6ycH4P6,spotify:track:2zndLbObJCnY2Ow6ycH4P6,https://api.spotify.com/v1/tracks/2zndLbObJCnY2Ow6ycH4P6,https://api.spotify.com/v1/audio-analysis/2zndLbObJCnY2Ow6ycH4P6,236399,1,NCT 127,Awaken,Cherry Bomb - Korean Ver.,16
0.725,0.97,1,-3.853,1,0.0589,0.11,1.34e-05,0.364,0.694,110.016,audio_features,4pA9GsIBQcoPrhekSesw0M,spotify:track:4pA9GsIBQcoPrhekSesw0M,https://api.spotify.com/v1/tracks/4pA9GsIBQcoPrhekSesw0M,https://api.spotify.com/v1/audio-analysis/4pA9GsIBQcoPrhekSesw0M,177972,4,NCT 127,Awaken,Fire Truck - Korean Ver.,31
0.757,0.616,10,-5.263,1,0.0281,0.159,0.0,0.317,0.497,97.983,audio_features,3KOKGs8pMk4VeIWDIDgLRS,spotify:track:3KOKGs8pMk4VeIWDIDgLRS,https://api.spotify.com/v1/tracks/3KOKGs8pMk4VeIWDIDgLRS,https://api.spotify.com/v1/audio-analysis/3KOKGs8pMk4VeIWDIDgLRS,199787,4,NCT 127,NCT #127 Regulate - The 1st Album Repackage,City 127,51
0.734,0.801,9,-5.339,0,0.0765,0.237,0.0,0.286,0.878,133.999,audio_features,0guXgbZ7CxAQ3rGsgKKRLH,spotify:track:0guXgbZ7CxAQ3rGsgKKRLH,https://api.spotify.com/v1/tracks/0guXgbZ7CxAQ3rGsgKKRLH,https://api.spotify.com/v1/audio-analysis/0guXgbZ7CxAQ3rGsgKKRLH,218307,4,NCT 127,NCT #127 Regulate - The 1st Album Repackage,Regular - Korean Version,51
0.723,0.692,8,-6.684,1,0.059,0.216,4.88e-05,0.108,0.3,125.029,audio_features,2vrDgoAyuaPjFQ4m1kK3nH,spotify:track:2vrDgoAyuaPjFQ4m1kK3nH,https://api.spotify.com/v1/tracks/2vrDgoAyuaPjFQ4m1kK3nH,https://api.spotify.com/v1/audio-analysis/2vrDgoAyuaPjFQ4m1kK3nH,220227,4,NCT 127,NCT #127 Regulate - The 1st Album Repackage,Replay (PM 01:27),51
0.793,0.505,5,-6.593,1,0.159,0.313,0.0,0.0427,0.599,94.074,audio_features,56f5GO8ir5ucrcQ00k4a8t,spotify:track:56f5GO8ir5ucrcQ00k4a8t,https://api.spotify.com/v1/tracks/56f5GO8ir5ucrcQ00k4a8t,https://api.spotify.com/v1/audio-analysis/56f5GO8ir5ucrcQ00k4a8t,239133,4,NCT 127,NCT #127 Regulate - The 1st Album Repackage,Welcome To My Playground,57
0.411,0.466,8,-7.979,1,0.0386,0.219,1.51e-06,0.178,0.354,66.536,audio_features,58GHXHPnSNf7QZH91lTkxu,spotify:track:58GHXHPnSNf7QZH91lTkxu,https://api.spotify.com/v1/tracks/58GHXHPnSNf7QZH91lTkxu,https://api.spotify.com/v1/audio-analysis/58GHXHPnSNf7QZH91lTkxu,206547,4,NCT 127,NCT #127 Regulate - The 1st Album Repackage,Knock On,43
0.565,0.371,1,-7.153,1,0.0299,0.804,0.0,0.119,0.246,79.987,audio_features,3eIFdn5DUUO4CNcpbc8aQw,spotify:track:3eIFdn5DUUO4CNcpbc8aQw,https://api.spotify.com/v1/tracks/3eIFdn5DUUO4CNcpbc8aQw,https://api.spotify.com/v1/audio-analysis/3eIFdn5DUUO4CNcpbc8aQw,298360,4,NCT 127,NCT #127 Regulate - The 1st Album Repackage,No Longer,51
0.723,0.65,6,-6.719,0,0.182,0.0573,0.000521,0.103,0.395,136.947,audio_features,34E1DDOXumirjttzyWgKDJ,spotify:track:34E1DDOXumirjttzyWgKDJ,https://api.spotify.com/v1/tracks/34E1DDOXumirjttzyWgKDJ,https://api.spotify.com/v1/audio-analysis/34E1DDOXumirjttzyWgKDJ,206707,4,NCT 127,NCT #127 Regulate - The 1st Album Repackage,My Van,40
0.355,0.286,2,-11.559,0,0.037,0.758,0.149,0.104,0.0912,101.395,audio_features,2cLCCdw6dovVGZjzsg2p2I,spotify:track:2cLCCdw6dovVGZjzsg2p2I,https://api.spotify.com/v1/tracks/2cLCCdw6dovVGZjzsg2p2I,https://api.spotify.com/v1/audio-analysis/2cLCCdw6dovVGZjzsg2p2I,190693,4,NCT 127,NCT #127 Regulate - The 1st Album Repackage,Interlude: Regular to Irregular,36
0.653,0.836,9,-6.018,1,0.238,0.218,0.0,0.0507,0.569,151.977,audio_features,1zedfw5iu7XzKJT8CupEIP,spotify:track:1zedfw5iu7XzKJT8CupEIP,https://api.spotify.com/v1/tracks/1zedfw5iu7XzKJT8CupEIP,https://api.spotify.com/v1/audio-analysis/1zedfw5iu7XzKJT8CupEIP,199773,4,NCT 127,NCT #127 Regulate - The 1st Album Repackage,Simon Says,66
0.739,0.85,4,-4.63,0,0.21,0.0214,0.0,0.131,0.573,111.986,audio_features,5PcZmtPJJCi92tYHIzWbpe,spotify:track:5PcZmtPJJCi92tYHIzWbpe,https://api.spotify.com/v1/tracks/5PcZmtPJJCi92tYHIzWbpe,https://api.spotify.com/v1/audio-analysis/5PcZmtPJJCi92tYHIzWbpe,205747,4,NCT 127,NCT #127 Regulate - The 1st Album Repackage,Come Back,49
0.665,0.726,5,-5.104,0,0.0458,0.143,0.0,0.0785,0.454,88.979,audio_features,5uTprTAUORprODnl383LKx,spotify:track:5uTprTAUORprODnl383LKx,https://api.spotify.com/v1/tracks/5uTprTAUORprODnl383LKx,https://api.spotify.com/v1/audio-analysis/5uTprTAUORprODnl383LKx,213480,4,NCT 127,NCT #127 Regulate - The 1st Album Repackage,Fly Away With Me,49
0.691,0.921,5,-3.638,0,0.075,0.0505,0.0,0.273,0.756,139.948,audio_features,4yzHOucbzNABkX4yb5USVl,spotify:track:4yzHOucbzNABkX4yb5USVl,https://api.spotify.com/v1/tracks/4yzHOucbzNABkX4yb5USVl,https://api.spotify.com/v1/audio-analysis/4yzHOucbzNABkX4yb5USVl,223600,4,NCT 127,NCT #127 Regulate - The 1st Album Repackage,Chain - Korean Version,48
0.685,0.728,1,-6.659,0,0.124,0.0264,0.000415,0.109,0.335,139.92,audio_features,7gIWg2LXA9ipu4oOd6aYKy,spotify:track:7gIWg2LXA9ipu4oOd6aYKy,https://api.spotify.com/v1/tracks/7gIWg2LXA9ipu4oOd6aYKy,https://api.spotify.com/v1/audio-analysis/7gIWg2LXA9ipu4oOd6aYKy,219747,4,NCT 127,NCT #127 Regulate - The 1st Album Repackage,Run Back 2 U - Bonus Track,42
0.73,0.716,1,-4.513,1,0.0479,0.0132,5.76e-06,0.0711,0.276,95.017,audio_features,1wYgRl89rjPFh1uWCyb9rn,spotify:track:1wYgRl89rjPFh1uWCyb9rn,https://api.spotify.com/v1/tracks/1wYgRl89rjPFh1uWCyb9rn,https://api.spotify.com/v1/audio-analysis/1wYgRl89rjPFh1uWCyb9rn,167882,4,NCT 127,NCT #127 CHERRY BOMB– The 3rd Mini Album,Running 2 U,48
0.652,0.915,2,-4.126,0,0.0452,0.0111,2.52e-05,0.26,0.849,118.012,audio_features,7BR3N1IbXTjEJffLd8aics,spotify:track:7BR3N1IbXTjEJffLd8aics,https://api.spotify.com/v1/tracks/7BR3N1IbXTjEJffLd8aics,https://api.spotify.com/v1/audio-analysis/7BR3N1IbXTjEJffLd8aics,203721,4,NCT 127,NCT #127 CHERRY BOMB– The 3rd Mini Album,0 Mile,54
0.507,0.605,1,-7.247,1,0.125,0.522,2.54e-06,0.109,0.23,98.464,audio_features,4jhUqSKsWZoVOc778NsFU1,spotify:track:4jhUqSKsWZoVOc778NsFU1,https://api.spotify.com/v1/tracks/4jhUqSKsWZoVOc778NsFU1,https://api.spotify.com/v1/audio-analysis/4jhUqSKsWZoVOc778NsFU1,187721,4,NCT 127,NCT #127 CHERRY BOMB– The 3rd Mini Album,Sun&Moon,54
0.815,0.767,1,-6.119,0,0.182,0.0318,0.0,0.19,0.76,99.984,audio_features,2iPxDFeN27VrKgGdZ0AIKw,spotify:track:2iPxDFeN27VrKgGdZ0AIKw,https://api.spotify.com/v1/tracks/2iPxDFeN27VrKgGdZ0AIKw,https://api.spotify.com/v1/audio-analysis/2iPxDFeN27VrKgGdZ0AIKw,201659,4,NCT 127,NCT #127 CHERRY BOMB– The 3rd Mini Album,Whiplash,59
0.741,0.914,6,-3.975,0,0.0403,0.0862,0.0,0.0933,0.419,125.003,audio_features,7tQTOyhv9BAjKoMoegHncb,spotify:track:7tQTOyhv9BAjKoMoegHncb,https://api.spotify.com/v1/tracks/7tQTOyhv9BAjKoMoegHncb,https://api.spotify.com/v1/audio-analysis/7tQTOyhv9BAjKoMoegHncb,217697,4,NCT 127,NCT #127 CHERRY BOMB– The 3rd Mini Album,Summer 127,55
0.713,0.623,6,-4.927,0,0.199,0.000597,4.57e-06,0.0474,0.779,78.007,audio_features,3k4QR6cWUysRm5NKQfCsNz,spotify:track:3k4QR6cWUysRm5NKQfCsNz,https://api.spotify.com/v1/tracks/3k4QR6cWUysRm5NKQfCsNz,https://api.spotify.com/v1/audio-analysis/3k4QR6cWUysRm5NKQfCsNz,261262,1,NCT 127,NCT #127 CHERRY BOMB– The 3rd Mini Album,Cherry Bomb - Performance Version,47
0.676,0.74,6,-5.044,1,0.0494,0.00257,1.59e-05,0.0782,0.497,112.839,audio_features,3WNuXdBxk8tQ2VI020dqvE,spotify:track:3WNuXdBxk8tQ2VI020dqvE,https://api.spotify.com/v1/tracks/3WNuXdBxk8tQ2VI020dqvE,https://api.spotify.com/v1/audio-analysis/3WNuXdBxk8tQ2VI020dqvE,200573,4,NCT 127,Highway to Heaven (English Version),Highway to Heaven - English Version,63
0.642,0.729,6,-5.005,1,0.056,0.0297,0.0,0.102,0.536,112.966,audio_features,38dC0QJ7eBKb3F27O0i0LT,spotify:track:38dC0QJ7eBKb3F27O0i0LT,https://api.spotify.com/v1/tracks/38dC0QJ7eBKb3F27O0i0LT,https://api.spotify.com/v1/audio-analysis/38dC0QJ7eBKb3F27O0i0LT,200573,4,NCT 127,NCT #127 WE ARE SUPERHUMAN - The 4th Mini Album,Highway to Heaven,56
0.679,0.797,2,-4.627,1,0.338,0.0438,0.0,0.0748,0.609,117.018,audio_features,4baWaXmm0BFFT3Qe3uSvs9,spotify:track:4baWaXmm0BFFT3Qe3uSvs9,https://api.spotify.com/v1/tracks/4baWaXmm0BFFT3Qe3uSvs9,https://api.spotify.com/v1/audio-analysis/4baWaXmm0BFFT3Qe3uSvs9,237853,4,NCT 127,NCT #127 WE ARE SUPERHUMAN - The 4th Mini Album,Superhuman,60
0.774,0.772,10,-6.59,1,0.061,0.0341,4.34e-05,0.0398,0.95,114.916,audio_features,7GfBzU8xvxEEu4K1x06z4Z,spotify:track:7GfBzU8xvxEEu4K1x06z4Z,https://api.spotify.com/v1/tracks/7GfBzU8xvxEEu4K1x06z4Z,https://api.spotify.com/v1/audio-analysis/7GfBzU8xvxEEu4K1x06z4Z,161240,4,NCT 127,NCT #127 WE ARE SUPERHUMAN - The 4th Mini Album,FOOL,48
0.391,0.552,8,-6.697,1,0.0937,0.504,0.0,0.212,0.487,190.763,audio_features,1U0gJQyrJE4h3EWyHeJ2UK,spotify:track:1U0gJQyrJE4h3EWyHeJ2UK,https://api.spotify.com/v1/tracks/1U0gJQyrJE4h3EWyHeJ2UK,https://api.spotify.com/v1/audio-analysis/1U0gJQyrJE4h3EWyHeJ2UK,195907,4,NCT 127,NCT #127 WE ARE SUPERHUMAN - The 4th Mini Album,Jet Lag,48
0.667,0.665,7,-7.627,1,0.057,0.0264,4.12e-06,0.18,0.786,120.04,audio_features,1nLXkN8dngZTzhEsxGpBVd,spotify:track:1nLXkN8dngZTzhEsxGpBVd,https://api.spotify.com/v1/tracks/1nLXkN8dngZTzhEsxGpBVd,https://api.spotify.com/v1/audio-analysis/1nLXkN8dngZTzhEsxGpBVd,224013,4,NCT 127,NCT #127 WE ARE SUPERHUMAN - The 4th Mini Album,Paper Plane,41
0.59,0.563,11,-12.253,0,0.463,0.0749,0.174,0.251,0.51,75.128,audio_features,7FNCi3ROV00ASOPIvYN34t,spotify:track:7FNCi3ROV00ASOPIvYN34t,https://api.spotify.com/v1/tracks/7FNCi3ROV00ASOPIvYN34t,https://api.spotify.com/v1/audio-analysis/7FNCi3ROV00ASOPIvYN34t,87320,4,NCT 127,NCT #127 WE ARE SUPERHUMAN - The 4th Mini Album,OUTRO: WE ARE 127,39
0.59,0.563,11,-12.253,0,0.463,0.0749,0.174,0.251,0.51,75.128,audio_features,4c1SgHz2mVy8zKPshZYuBj,spotify:track:4c1SgHz2mVy8zKPshZYuBj,https://api.spotify.com/v1/tracks/4c1SgHz2mVy8zKPshZYuBj,https://api.spotify.com/v1/audio-analysis/4c1SgHz2mVy8zKPshZYuBj,87320,4,NCT 127,NCT #127 WE ARE SUPERHUMAN - The 4th Mini Album,OUTRO : WE ARE 127,32
0.604,0.837,8,-4.392,1,0.105,0.0334,0.0,0.383,0.665,93.015,audio_features,1udFymcgfvzJC0d7mDOidD,spotify:track:1udFymcgfvzJC0d7mDOidD,https://api.spotify.com/v1/tracks/1udFymcgfvzJC0d7mDOidD,https://api.spotify.com/v1/audio-analysis/1udFymcgfvzJC0d7mDOidD,189078,4,NCT 127,Touch,Touch - JP Ver.,34
0.606,0.966,10,-4.867,0,0.0988,0.0275,0.0,0.373,0.463,132.01,audio_features,5dB0iQURzcObhAsmmp568o,spotify:track:5dB0iQURzcObhAsmmp568o,https://api.spotify.com/v1/tracks/5dB0iQURzcObhAsmmp568o,https://api.spotify.com/v1/audio-analysis/5dB0iQURzcObhAsmmp568o,237600,4,NCT DREAM,THE DREAM SHOW - The 1st Live Album,GO,47
0.602,0.975,10,-4.648,0,0.196,0.175,0.0,0.543,0.651,144.925,audio_features,7s3foW5DoKy69sSCyZDUOs,spotify:track:7s3foW5DoKy69sSCyZDUOs,https://api.spotify.com/v1/tracks/7s3foW5DoKy69sSCyZDUOs,https://api.spotify.com/v1/audio-analysis/7s3foW5DoKy69sSCyZDUOs,200560,4,NCT DREAM,THE DREAM SHOW - The 1st Live Album,Drippin',42
0.606,0.895,0,-4.795,1,0.0566,0.138,0.0,0.859,0.447,104.04,audio_features,6Y6y9ZWNVdFiOlJmJLiixT,spotify:track:6Y6y9ZWNVdFiOlJmJLiixT,https://api.spotify.com/v1/tracks/6Y6y9ZWNVdFiOlJmJLiixT,https://api.spotify.com/v1/audio-analysis/6Y6y9ZWNVdFiOlJmJLiixT,239107,4,NCT DREAM,THE DREAM SHOW - The 1st Live Album,119,42
0.661,0.894,11,-5.108,0,0.0639,0.0548,0.0,0.265,0.826,124.986,audio_features,6qnWyckAeMbBmgCJrccH30,spotify:track:6qnWyckAeMbBmgCJrccH30,https://api.spotify.com/v1/tracks/6qnWyckAeMbBmgCJrccH30,https://api.spotify.com/v1/audio-analysis/6qnWyckAeMbBmgCJrccH30,195960,4,NCT DREAM,THE DREAM SHOW - The 1st Live Album,"1, 2, 3",41
0.702,0.877,8,-4.335,1,0.132,0.0341,0.0,0.892,0.333,122.067,audio_features,3mgjzvfMW97fChgmaj9VG1,spotify:track:3mgjzvfMW97fChgmaj9VG1,https://api.spotify.com/v1/tracks/3mgjzvfMW97fChgmaj9VG1,https://api.spotify.com/v1/audio-analysis/3mgjzvfMW97fChgmaj9VG1,185360,4,NCT DREAM,THE DREAM SHOW - The 1st Live Album,We Go Up,42
0.633,0.914,9,-4.871,0,0.0526,0.124,0.0,0.671,0.503,101.008,audio_features,18Rf5HQKtKiL8UlCR0ea1j,spotify:track:18Rf5HQKtKiL8UlCR0ea1j,https://api.spotify.com/v1/tracks/18Rf5HQKtKiL8UlCR0ea1j,https://api.spotify.com/v1/audio-analysis/18Rf5HQKtKiL8UlCR0ea1j,211240,4,NCT DREAM,THE DREAM SHOW - The 1st Live Album,STRONGER,41
0.55,0.939,2,-3.704,1,0.0845,0.0497,0.0,0.875,0.485,115.952,audio_features,1iqHuy6uEhpxLUkHelpKc0,spotify:track:1iqHuy6uEhpxLUkHelpKc0,https://api.spotify.com/v1/tracks/1iqHuy6uEhpxLUkHelpKc0,https://api.spotify.com/v1/audio-analysis/1iqHuy6uEhpxLUkHelpKc0,238160,4,NCT DREAM,THE DREAM SHOW - The 1st Live Album,Dunk Shot,41
0.64,0.916,3,-4.339,0,0.0535,0.125,0.0,0.728,0.658,103.982,audio_features,73NBWcaeP5asL1kn7GiwSE,spotify:track:73NBWcaeP5asL1kn7GiwSE,https://api.spotify.com/v1/tracks/73NBWcaeP5asL1kn7GiwSE,https://api.spotify.com/v1/audio-analysis/73NBWcaeP5asL1kn7GiwSE,218520,4,NCT DREAM,THE DREAM SHOW - The 1st Live Album,Chewing Gum,41
0.552,0.926,7,-3.336,1,0.0684,0.0308,0.0,0.323,0.45,120.028,audio_features,30NOXqHv9ufsWBekF0Smko,spotify:track:30NOXqHv9ufsWBekF0Smko,https://api.spotify.com/v1/tracks/30NOXqHv9ufsWBekF0Smko,https://api.spotify.com/v1/audio-analysis/30NOXqHv9ufsWBekF0Smko,224227,4,NCT DREAM,THE DREAM SHOW - The 1st Live Album,Dream Run,40
0.606,0.805,8,-6.065,1,0.0806,0.516,0.0,0.69,0.535,153.854,audio_features,52Ne2Q5gx4WYsVw0KwblS3,spotify:track:52Ne2Q5gx4WYsVw0KwblS3,https://api.spotify.com/v1/tracks/52Ne2Q5gx4WYsVw0KwblS3,https://api.spotify.com/v1/audio-analysis/52Ne2Q5gx4WYsVw0KwblS3,246107,4,NCT DREAM,THE DREAM SHOW - The 1st Live Album,Best Friend,42
0.672,0.71,11,-4.779,0,0.0263,0.357,0.0,0.945,0.632,98.022,audio_features,5carF2oe8sELpiGj7LRsOs,spotify:track:5carF2oe8sELpiGj7LRsOs,https://api.spotify.com/v1/tracks/5carF2oe8sELpiGj7LRsOs,https://api.spotify.com/v1/audio-analysis/5carF2oe8sELpiGj7LRsOs,177120,4,NCT DREAM,THE DREAM SHOW - The 1st Live Album,Walk you home,44
0.539,0.887,8,-5.008,1,0.0741,0.12,0.0,0.397,0.316,92.939,audio_features,2LtxVjzYsMFWeGpTfuM958,spotify:track:2LtxVjzYsMFWeGpTfuM958,https://api.spotify.com/v1/tracks/2LtxVjzYsMFWeGpTfuM958,https://api.spotify.com/v1/audio-analysis/2LtxVjzYsMFWeGpTfuM958,236680,4,NCT DREAM,THE DREAM SHOW - The 1st Live Album,Candle Light,41
0.62,0.888,0,-4.266,1,0.0414,0.0194,0.0,0.587,0.273,123.041,audio_features,1x7DgqfPlE7NH7lbrUZukZ,spotify:track:1x7DgqfPlE7NH7lbrUZukZ,https://api.spotify.com/v1/tracks/1x7DgqfPlE7NH7lbrUZukZ,https://api.spotify.com/v1/audio-analysis/1x7DgqfPlE7NH7lbrUZukZ,225760,4,NCT DREAM,THE DREAM SHOW - The 1st Live Album,We Young,41
0.699,0.94,0,-3.225,1,0.0948,0.0193,0.0,0.381,0.386,108.063,audio_features,1MZuGklUjhhJRCNYT7igTc,spotify:track:1MZuGklUjhhJRCNYT7igTc,https://api.spotify.com/v1/tracks/1MZuGklUjhhJRCNYT7igTc,https://api.spotify.com/v1/audio-analysis/1MZuGklUjhhJRCNYT7igTc,203067,4,NCT DREAM,THE DREAM SHOW - The 1st Live Album,My First and Last,41
0.637,0.94,1,-3.295,0,0.104,0.319,0.0,0.116,0.509,125.008,audio_features,6C4tuh5v9RzeEYzYwST0nl,spotify:track:6C4tuh5v9RzeEYzYwST0nl,https://api.spotify.com/v1/tracks/6C4tuh5v9RzeEYzYwST0nl,https://api.spotify.com/v1/audio-analysis/6C4tuh5v9RzeEYzYwST0nl,225387,4,NCT DREAM,THE DREAM SHOW - The 1st Live Album,My Page,39
0.372,0.91,7,-4.539,1,0.0735,0.021,0.0,0.839,0.354,89.543,audio_features,6X6n1gtl1jpDsVHpwt7Wr4,spotify:track:6X6n1gtl1jpDsVHpwt7Wr4,https://api.spotify.com/v1/tracks/6X6n1gtl1jpDsVHpwt7Wr4,https://api.spotify.com/v1/audio-analysis/6X6n1gtl1jpDsVHpwt7Wr4,206053,4,NCT DREAM,THE DREAM SHOW - The 1st Live Album,Bye My First...,40
0.393,0.944,7,-5.234,1,0.191,0.0575,2.92e-05,0.485,0.649,159.832,audio_features,01YEVlunkOcDQ2haHpTLOi,spotify:track:01YEVlunkOcDQ2haHpTLOi,https://api.spotify.com/v1/tracks/01YEVlunkOcDQ2haHpTLOi,https://api.spotify.com/v1/audio-analysis/01YEVlunkOcDQ2haHpTLOi,202747,3,NCT DREAM,THE DREAM SHOW - The 1st Live Album,Don't Need Your Love,43
0.63,0.889,1,-4.156,1,0.227,0.0297,0.0,0.95,0.458,127.944,audio_features,41rDbh9jwDoKZ8wKTOiung,spotify:track:41rDbh9jwDoKZ8wKTOiung,https://api.spotify.com/v1/tracks/41rDbh9jwDoKZ8wKTOiung,https://api.spotify.com/v1/audio-analysis/41rDbh9jwDoKZ8wKTOiung,202373,4,NCT DREAM,THE DREAM SHOW - The 1st Live Album,Fireflies,40
0.52,0.916,4,-3.284,1,0.057,0.0241,0.0,0.899,0.456,128.053,audio_features,2MsuMsE5CCbjNAOQv8h19g,spotify:track:2MsuMsE5CCbjNAOQv8h19g,https://api.spotify.com/v1/tracks/2MsuMsE5CCbjNAOQv8h19g,https://api.spotify.com/v1/audio-analysis/2MsuMsE5CCbjNAOQv8h19g,206360,4,NCT DREAM,THE DREAM SHOW - The 1st Live Album,Trigger the fever,41
0.689,0.861,5,-4.125,0,0.0458,0.258,0.0,0.868,0.613,119.959,audio_features,3xkMNkcPcVqQl4K66os2RX,spotify:track:3xkMNkcPcVqQl4K66os2RX,https://api.spotify.com/v1/tracks/3xkMNkcPcVqQl4K66os2RX,https://api.spotify.com/v1/audio-analysis/3xkMNkcPcVqQl4K66os2RX,211053,4,NCT DREAM,THE DREAM SHOW - The 1st Live Album,BOOM,41
0.561,0.852,2,-3.68,1,0.0427,0.161,0.0,0.455,0.478,90.989,audio_features,060Mecrf0GWFuwKsTzsJdU,spotify:track:060Mecrf0GWFuwKsTzsJdU,https://api.spotify.com/v1/tracks/060Mecrf0GWFuwKsTzsJdU,https://api.spotify.com/v1/audio-analysis/060Mecrf0GWFuwKsTzsJdU,180467,4,NCT DREAM,THE DREAM SHOW - The 1st Live Album,La La Love,38
0.516,0.792,11,-4.67,1,0.0467,0.101,0.0,0.457,0.551,78.09,audio_features,7k4d5iDArjG4HMsD3p0uxP,spotify:track:7k4d5iDArjG4HMsD3p0uxP,https://api.spotify.com/v1/tracks/7k4d5iDArjG4HMsD3p0uxP,https://api.spotify.com/v1/audio-analysis/7k4d5iDArjG4HMsD3p0uxP,235840,4,NCT DREAM,THE DREAM SHOW - The 1st Live Album,Beautiful Time,41
0.549,0.903,1,-1.483,0,0.045,0.178,0.0,0.0682,0.513,150.009,audio_features,0EMD15EVNwDlgGH2CH6ZEL,spotify:track:0EMD15EVNwDlgGH2CH6ZEL,https://api.spotify.com/v1/tracks/0EMD15EVNwDlgGH2CH6ZEL,https://api.spotify.com/v1/audio-analysis/0EMD15EVNwDlgGH2CH6ZEL,201773,4,NCT DREAM,Reload,Ridin',72
0.697,0.868,0,-4.575,1,0.057,0.374,0.0,0.124,0.546,145.961,audio_features,3l8JuoE2LHb7hiFo7lKrkh,spotify:track:3l8JuoE2LHb7hiFo7lKrkh,https://api.spotify.com/v1/tracks/3l8JuoE2LHb7hiFo7lKrkh,https://api.spotify.com/v1/audio-analysis/3l8JuoE2LHb7hiFo7lKrkh,188400,4,NCT DREAM,Reload,Quiet Down,62
0.744,0.89,6,-3.134,0,0.0824,0.146,0.0,0.121,0.629,99.95,audio_features,0nsL0AalAUFNCi7DYhnihQ,spotify:track:0nsL0AalAUFNCi7DYhnihQ,https://api.spotify.com/v1/tracks/0nsL0AalAUFNCi7DYhnihQ,https://api.spotify.com/v1/audio-analysis/0nsL0AalAUFNCi7DYhnihQ,197280,4,NCT DREAM,Reload,7 Days,62
0.696,0.92,1,-2.004,1,0.119,0.0451,0.0,0.0603,0.59,104.035,audio_features,2eqehaP6hg04FQ82CLErFd,spotify:track:2eqehaP6hg04FQ82CLErFd,https://api.spotify.com/v1/tracks/2eqehaP6hg04FQ82CLErFd,https://api.spotify.com/v1/audio-analysis/2eqehaP6hg04FQ82CLErFd,210867,4,NCT DREAM,Reload,Love Again,60
0.66,0.363,5,-8.3,1,0.0286,0.79,0.00014,0.102,0.592,103.124,audio_features,4hMYovC1APX8ojuANCoeuF,spotify:track:4hMYovC1APX8ojuANCoeuF,https://api.spotify.com/v1/tracks/4hMYovC1APX8ojuANCoeuF,https://api.spotify.com/v1/audio-analysis/4hMYovC1APX8ojuANCoeuF,227453,4,NCT DREAM,Reload,Puzzle Piece,63
0.647,0.823,2,-4.901,1,0.154,0.0158,0.0,0.348,0.393,179.823,audio_features,0qhTNlYrAJBXpHHzay7qvM,spotify:track:0qhTNlYrAJBXpHHzay7qvM,https://api.spotify.com/v1/tracks/0qhTNlYrAJBXpHHzay7qvM,https://api.spotify.com/v1/audio-analysis/0qhTNlYrAJBXpHHzay7qvM,207156,4,NCT DREAM,We Boom - The 3rd Mini Album,Bye My First…,55
0.744,0.674,1,-3.736,1,0.15,0.00253,0.0,0.201,0.73,127.941,audio_features,1F9FQp9dnnQWTkaK6Nzm1W,spotify:track:1F9FQp9dnnQWTkaK6Nzm1W,https://api.spotify.com/v1/tracks/1F9FQp9dnnQWTkaK6Nzm1W,https://api.spotify.com/v1/audio-analysis/1F9FQp9dnnQWTkaK6Nzm1W,200973,4,NCT DREAM,Fireflies (THE OFFICIAL SONG OF THE WORLD SCOUT FOUNDATION),Fireflies (THE OFFICIAL SONG OF THE WORLD SCOUT FOUNDATION),61
0.619,0.881,7,-4.683,1,0.0834,0.0632,0.0,0.103,0.769,160.145,audio_features,7oEm5Q1virEUB9H0XjWZzF,spotify:track:7oEm5Q1virEUB9H0XjWZzF,https://api.spotify.com/v1/tracks/7oEm5Q1virEUB9H0XjWZzF,https://api.spotify.com/v1/audio-analysis/7oEm5Q1virEUB9H0XjWZzF,201880,3,NCT DREAM,Don’t Need Your Love,Don’t Need Your Love,68
0.677,0.624,5,-8.973,1,0.0871,0.137,6.41e-05,0.589,0.422,93.023,audio_features,42HB7NqTtooRK7Lrwvwrq2,spotify:track:42HB7NqTtooRK7Lrwvwrq2,https://api.spotify.com/v1/tracks/42HB7NqTtooRK7Lrwvwrq2,https://api.spotify.com/v1/audio-analysis/42HB7NqTtooRK7Lrwvwrq2,189547,4,NCT DREAM,We Go Up - The 2nd Mini Album,Dear DREAM,56
0.898,0.764,8,-4.548,1,0.116,0.0169,0.0,0.258,0.436,122.016,audio_features,53W8Tjh9CkgdHS6m8sirsy,spotify:track:53W8Tjh9CkgdHS6m8sirsy,https://api.spotify.com/v1/tracks/53W8Tjh9CkgdHS6m8sirsy,https://api.spotify.com/v1/audio-analysis/53W8Tjh9CkgdHS6m8sirsy,183280,4,NCT DREAM,We Go Up - The 2nd Mini Album,We Go Up - Chinese Version,37
0.674,0.892,6,-3.498,1,0.0439,0.0563,0.0,0.067,0.725,109.909,audio_features,3I4pgDhMKp6Sww3lTxyg8X,spotify:track:3I4pgDhMKp6Sww3lTxyg8X,https://api.spotify.com/v1/tracks/3I4pgDhMKp6Sww3lTxyg8X,https://api.spotify.com/v1/audio-analysis/3I4pgDhMKp6Sww3lTxyg8X,178534,4,NCT DREAM,JOY,JOY,42
0.799,0.761,11,-4.897,0,0.0453,0.309,0.0,0.115,0.625,97.997,audio_features,48U7tDoHquyAGPW119Xpvi,spotify:track:48U7tDoHquyAGPW119Xpvi,https://api.spotify.com/v1/tracks/48U7tDoHquyAGPW119Xpvi,https://api.spotify.com/v1/audio-analysis/48U7tDoHquyAGPW119Xpvi,175240,4,NCT DREAM,We Young - The 1st Mini Album,같은 시간 같은 자리 Walk you home,55
0.702,0.853,0,-4.209,1,0.0449,0.0587,0.0,0.121,0.333,122.973,audio_features,62bgPWWIwBbSwzM54VQVg4,spotify:track:62bgPWWIwBbSwzM54VQVg4,https://api.spotify.com/v1/tracks/62bgPWWIwBbSwzM54VQVg4,https://api.spotify.com/v1/audio-analysis/62bgPWWIwBbSwzM54VQVg4,223293,4,NCT DREAM,We Young - The 1st Mini Album,We Young青春漾,35
0.534,0.881,4,-2.871,1,0.0434,0.0352,0.0,0.532,0.561,128.009,audio_features,6YEzJ1abhCakyaTq826f1j,spotify:track:6YEzJ1abhCakyaTq826f1j,https://api.spotify.com/v1/tracks/6YEzJ1abhCakyaTq826f1j,https://api.spotify.com/v1/audio-analysis/6YEzJ1abhCakyaTq826f1j,206792,4,NCT DREAM,Trigger the fever (The Official Song of the FIFA U-20 World Cup Korea Republic 2017),Trigger the fever (The Official Song of the FIFA U-20 World Cup Korea Republic 2017),41
0.799,0.899,2,-3.945,1,0.131,0.018,0.0,0.0801,0.589,108.051,audio_features,79KlQUwHkjxhejVuMyFHw1,spotify:track:79KlQUwHkjxhejVuMyFHw1,https://api.spotify.com/v1/tracks/79KlQUwHkjxhejVuMyFHw1,https://api.spotify.com/v1/audio-analysis/79KlQUwHkjxhejVuMyFHw1,201980,4,NCT DREAM,The First - The 1st Single Album,My First And Last,45
0.801,0.885,9,-4.108,0,0.168,0.0254,0.0,0.0577,0.571,108.02,audio_features,7hutpf0tbCfkodvFYOAKLO,spotify:track:7hutpf0tbCfkodvFYOAKLO,https://api.spotify.com/v1/tracks/7hutpf0tbCfkodvFYOAKLO,https://api.spotify.com/v1/audio-analysis/7hutpf0tbCfkodvFYOAKLO,201980,4,NCT DREAM,The First - The 1st Single Album,My First And Last - Chinese Version,20
0.794,0.769,6,-3.444,1,0.0511,0.125,0.0,0.096,0.95,104.0,audio_features,4AuahAddlvOVZ9WtToH1LD,spotify:track:4AuahAddlvOVZ9WtToH1LD,https://api.spotify.com/v1/tracks/4AuahAddlvOVZ9WtToH1LD,https://api.spotify.com/v1/audio-analysis/4AuahAddlvOVZ9WtToH1LD,197462,4,NCT DREAM,The First - The 1st Single Album,Chewing Gum - Chinese Version,19
0.799,0.899,2,-3.945,1,0.131,0.018,0.0,0.0801,0.589,108.051,audio_features,24PhZrRiALtUXgdwXkEwGt,spotify:track:24PhZrRiALtUXgdwXkEwGt,https://api.spotify.com/v1/tracks/24PhZrRiALtUXgdwXkEwGt,https://api.spotify.com/v1/audio-analysis/24PhZrRiALtUXgdwXkEwGt,201980,4,NCT DREAM,The First - The 1st Single Album,마지막 첫사랑 My First and Last,57
0.801,0.885,9,-4.108,0,0.168,0.0254,0.0,0.0577,0.571,108.02,audio_features,7lMMCxTBJU0ioAymYX8h03,spotify:track:7lMMCxTBJU0ioAymYX8h03,https://api.spotify.com/v1/tracks/7lMMCxTBJU0ioAymYX8h03,https://api.spotify.com/v1/audio-analysis/7lMMCxTBJU0ioAymYX8h03,201980,4,NCT DREAM,The First - The 1st Single Album,最后的初恋 My First and Last - Chinese Version,32
0.644,0.888,2,-4.097,1,0.071,0.124,0.0,0.269,0.651,115.983,audio_features,2sOz5KStj3M1L1ErNo6MCC,spotify:track:2sOz5KStj3M1L1ErNo6MCC,https://api.spotify.com/v1/tracks/2sOz5KStj3M1L1ErNo6MCC,https://api.spotify.com/v1/audio-analysis/2sOz5KStj3M1L1ErNo6MCC,232726,4,NCT DREAM,The First - The 1st Single Album,덩크슛 Dunk Shot,50
0.794,0.769,6,-3.444,1,0.0511,0.125,0.0,0.096,0.95,104.0,audio_features,31oUaaV09TkZgcw7GIf3dO,spotify:track:31oUaaV09TkZgcw7GIf3dO,https://api.spotify.com/v1/tracks/31oUaaV09TkZgcw7GIf3dO,https://api.spotify.com/v1/audio-analysis/31oUaaV09TkZgcw7GIf3dO,197462,4,NCT DREAM,The First - The 1st Single Album,Chewing Gum泡泡糖 - Chinese Version,28
0.828,0.689,5,-7.97,1,0.0699,0.32,0.0118,0.11,0.176,100.042,audio_features,46JuEtCV69InGm7hONKrgA,spotify:track:46JuEtCV69InGm7hONKrgA,https://api.spotify.com/v1/tracks/46JuEtCV69InGm7hONKrgA,https://api.spotify.com/v1/audio-analysis/46JuEtCV69InGm7hONKrgA,117326,4,NCT U,NCT 2018 EMPATHY,INTRO: Neo Got My Back,48
0.787,0.543,10,-6.7,0,0.037,0.0233,0.0,0.0861,0.332,99.026,audio_features,0ErzcmZ2gIwX7X0xSMQPix,spotify:track:0ErzcmZ2gIwX7X0xSMQPix,https://api.spotify.com/v1/tracks/0ErzcmZ2gIwX7X0xSMQPix,https://api.spotify.com/v1/audio-analysis/0ErzcmZ2gIwX7X0xSMQPix,210641,4,NCT U,NCT 2018 EMPATHY,BOSS,69
0.827,0.739,8,-6.391,1,0.0744,0.0214,4.13e-06,0.043,0.352,95.999,audio_features,1EYSS9Lp7a9f20C3FaOVgI,spotify:track:1EYSS9Lp7a9f20C3FaOVgI,https://api.spotify.com/v1/tracks/1EYSS9Lp7a9f20C3FaOVgI,https://api.spotify.com/v1/audio-analysis/1EYSS9Lp7a9f20C3FaOVgI,183020,4,NCT U,NCT 2018 EMPATHY,Baby Don’t Stop,67
0.595,0.806,8,-4.644,1,0.141,0.0391,0.0,0.36,0.616,93.126,audio_features,1mdEvT7X3Rs7vL75fRb8oo,spotify:track:1mdEvT7X3Rs7vL75fRb8oo,https://api.spotify.com/v1/tracks/1mdEvT7X3Rs7vL75fRb8oo,https://api.spotify.com/v1/audio-analysis/1mdEvT7X3Rs7vL75fRb8oo,189078,4,NCT U,NCT 2018 EMPATHY,TOUCH,62
0.683,0.92,9,-3.322,0,0.0924,0.0294,0.0,0.295,0.678,94.959,audio_features,6OyLuTMyY9dOswKPyIT8SO,spotify:track:6OyLuTMyY9dOswKPyIT8SO,https://api.spotify.com/v1/tracks/6OyLuTMyY9dOswKPyIT8SO,https://api.spotify.com/v1/audio-analysis/6OyLuTMyY9dOswKPyIT8SO,196571,4,NCT U,NCT 2018 EMPATHY,YESTODAY,51
0.523,0.864,10,-4.746,0,0.359,0.106,0.000454,0.0672,0.247,142.11,audio_features,1qq7YnBOcXtfX3tCCMJllG,spotify:track:1qq7YnBOcXtfX3tCCMJllG,https://api.spotify.com/v1/tracks/1qq7YnBOcXtfX3tCCMJllG,https://api.spotify.com/v1/audio-analysis/1qq7YnBOcXtfX3tCCMJllG,197981,4,NCT U,NCT 2018 EMPATHY,Black on Black,61
0.557,0.442,1,-4.595,1,0.0314,0.316,0.0,0.138,0.272,127.873,audio_features,4SBdExnMWp7er8KxnpPzpG,spotify:track:4SBdExnMWp7er8KxnpPzpG,https://api.spotify.com/v1/tracks/4SBdExnMWp7er8KxnpPzpG,https://api.spotify.com/v1/audio-analysis/4SBdExnMWp7er8KxnpPzpG,250826,4,NCT U,NCT 2018 EMPATHY,텐데…Timeless,49
0.682,0.502,2,-9.507,1,0.0713,0.0124,8.45e-06,0.107,0.218,108.08,audio_features,6BdchFAP4TUZUceAsAEb5U,spotify:track:6BdchFAP4TUZUceAsAEb5U,https://api.spotify.com/v1/tracks/6BdchFAP4TUZUceAsAEb5U,https://api.spotify.com/v1/audio-analysis/6BdchFAP4TUZUceAsAEb5U,214035,4,NCT U,NCT 2018 EMPATHY,일곱 번째 감각 The 7th Sense,60
0.578,0.942,2,-1.693,1,0.0556,0.0428,0.0,0.0833,0.53,127.835,audio_features,78DVHbAahuQF56gOC4GnuN,spotify:track:78DVHbAahuQF56gOC4GnuN,https://api.spotify.com/v1/tracks/78DVHbAahuQF56gOC4GnuN,https://api.spotify.com/v1/audio-analysis/78DVHbAahuQF56gOC4GnuN,205533,4,NCT U,NCT 2018 EMPATHY,WITHOUT YOU,56
0.578,0.947,2,-1.629,1,0.0588,0.0394,0.0,0.126,0.516,128.021,audio_features,51q7nOFtavUgnbaVLfwddo,spotify:track:51q7nOFtavUgnbaVLfwddo,https://api.spotify.com/v1/tracks/51q7nOFtavUgnbaVLfwddo,https://api.spotify.com/v1/audio-analysis/51q7nOFtavUgnbaVLfwddo,205533,4,NCT U,NCT 2018 EMPATHY,WITHOUT YOU - Chinese Version,38
0.618,0.748,8,-6.301,0,0.0315,0.0381,0.00225,0.295,0.367,102.052,audio_features,6MWqKPyfweTJ60mpiTj24o,spotify:track:6MWqKPyfweTJ60mpiTj24o,https://api.spotify.com/v1/tracks/6MWqKPyfweTJ60mpiTj24o,https://api.spotify.com/v1/audio-analysis/6MWqKPyfweTJ60mpiTj24o,215222,4,NCT U,NCT 2018 EMPATHY,몽중몽; Dream In A Dream,49
0.556,0.913,2,-4.075,1,0.0929,0.000385,0.962,0.268,0.357,179.925,audio_features,0GubDiGTY2PtqgBQPYaOBy,spotify:track:0GubDiGTY2PtqgBQPYaOBy,https://api.spotify.com/v1/tracks/0GubDiGTY2PtqgBQPYaOBy,https://api.spotify.com/v1/audio-analysis/0GubDiGTY2PtqgBQPYaOBy,57474,4,NCT U,NCT 2018 EMPATHY,OUTRO: VISION,37
0.68,0.888,9,-4.377,0,0.136,0.0688,0.0,0.118,0.633,95.014,audio_features,4SrkrzWiFxEzMBOSOE5qGW,spotify:track:4SrkrzWiFxEzMBOSOE5qGW,https://api.spotify.com/v1/tracks/4SrkrzWiFxEzMBOSOE5qGW,https://api.spotify.com/v1/audio-analysis/4SrkrzWiFxEzMBOSOE5qGW,227885,4,NCT U,NCT 2018 EMPATHY,YESTODAY - Extended Version [Bonus Track],45
0.615,0.889,11,-3.698,1,0.0427,0.00354,0.0,0.159,0.532,134.958,audio_features,4aHqVuUrfYMPro2bqn5Fse,spotify:track:4aHqVuUrfYMPro2bqn5Fse,https://api.spotify.com/v1/tracks/4aHqVuUrfYMPro2bqn5Fse,https://api.spotify.com/v1/audio-analysis/4aHqVuUrfYMPro2bqn5Fse,218680,4,WayV,Awaken The World - The 1st Album,Turn Back Time,67
0.598,0.802,10,-2.88,0,0.0407,0.168,0.0,0.184,0.533,140.092,audio_features,3rirsQT0AxJ2SDzHDPnvr6,spotify:track:3rirsQT0AxJ2SDzHDPnvr6,https://api.spotify.com/v1/tracks/3rirsQT0AxJ2SDzHDPnvr6,https://api.spotify.com/v1/audio-analysis/3rirsQT0AxJ2SDzHDPnvr6,217813,4,WayV,Awaken The World - The 1st Album,Unbreakable,55
0.577,0.87,2,-2.543,0,0.0557,0.0963,0.0,0.071,0.327,105.292,audio_features,5OyBCIBDkTWUSvbFPFnKl0,spotify:track:5OyBCIBDkTWUSvbFPFnKl0,https://api.spotify.com/v1/tracks/5OyBCIBDkTWUSvbFPFnKl0,https://api.spotify.com/v1/audio-analysis/5OyBCIBDkTWUSvbFPFnKl0,209320,4,WayV,Awaken The World - The 1st Album,After Midnight,57
0.481,0.783,1,-5.072,1,0.0361,0.0778,0.699,0.138,0.337,136.073,audio_features,25QUurWK5I3ugRUUuaxzLa,spotify:track:25QUurWK5I3ugRUUuaxzLa,https://api.spotify.com/v1/tracks/25QUurWK5I3ugRUUuaxzLa,https://api.spotify.com/v1/audio-analysis/25QUurWK5I3ugRUUuaxzLa,53600,4,WayV,Awaken The World - The 1st Album,Interlude: Awaken The World,49
0.647,0.738,0,-3.759,1,0.0383,0.519,1.26e-06,0.11,0.454,143.988,audio_features,4HuVx0jVOlwRGtSkhPP4VE,spotify:track:4HuVx0jVOlwRGtSkhPP4VE,https://api.spotify.com/v1/tracks/4HuVx0jVOlwRGtSkhPP4VE,https://api.spotify.com/v1/audio-analysis/4HuVx0jVOlwRGtSkhPP4VE,212133,4,WayV,Awaken The World - The 1st Album,Only Human,55
0.654,0.678,9,-4.864,1,0.0451,0.0194,0.0,0.122,0.319,89.938,audio_features,6SmfBvW4JgsoZPhagI0N3L,spotify:track:6SmfBvW4JgsoZPhagI0N3L,https://api.spotify.com/v1/tracks/6SmfBvW4JgsoZPhagI0N3L,https://api.spotify.com/v1/audio-analysis/6SmfBvW4JgsoZPhagI0N3L,196880,4,WayV,Awaken The World - The 1st Album,Domino,57
0.751,0.848,7,-3.895,1,0.0911,0.0751,0.0,0.314,0.461,100.061,audio_features,54gh4wEVRzBnjOxUTHOeNu,spotify:track:54gh4wEVRzBnjOxUTHOeNu,https://api.spotify.com/v1/tracks/54gh4wEVRzBnjOxUTHOeNu,https://api.spotify.com/v1/audio-analysis/54gh4wEVRzBnjOxUTHOeNu,241293,4,WayV,Awaken The World - The 1st Album,Up From Here,52
0.723,0.935,0,-2.537,1,0.0452,0.0305,0.0,0.184,0.35,120.027,audio_features,4Xd55lj6UHNIDy192fmAAD,spotify:track:4Xd55lj6UHNIDy192fmAAD,https://api.spotify.com/v1/tracks/4Xd55lj6UHNIDy192fmAAD,https://api.spotify.com/v1/audio-analysis/4Xd55lj6UHNIDy192fmAAD,205800,4,WayV,Awaken The World - The 1st Album,Electric Hearts,54
0.533,0.919,1,-4.163,1,0.0647,0.00804,0.0,0.336,0.767,180.105,audio_features,0NRFpNIfyCUHdCalyQZEDN,spotify:track:0NRFpNIfyCUHdCalyQZEDN,https://api.spotify.com/v1/tracks/0NRFpNIfyCUHdCalyQZEDN,https://api.spotify.com/v1/audio-analysis/0NRFpNIfyCUHdCalyQZEDN,212760,4,WayV,Awaken The World - The 1st Album,Stand By Me,51
0.65,0.902,11,-3.686,1,0.043,0.003,0.0,0.151,0.471,134.969,audio_features,5hXSKNjdAoqKZKOQ95bHYm,spotify:track:5hXSKNjdAoqKZKOQ95bHYm,https://api.spotify.com/v1/tracks/5hXSKNjdAoqKZKOQ95bHYm,https://api.spotify.com/v1/audio-analysis/5hXSKNjdAoqKZKOQ95bHYm,218680,4,WayV,Turn Back Time (Korean Version),Turn Back Time - Korean Version,53
0.751,0.719,6,-5.198,0,0.0373,0.142,0.0,0.148,0.437,98.01,audio_features,2e3cJdJ8xWwydl8JIYlCqB,spotify:track:2e3cJdJ8xWwydl8JIYlCqB,https://api.spotify.com/v1/tracks/2e3cJdJ8xWwydl8JIYlCqB,https://api.spotify.com/v1/audio-analysis/2e3cJdJ8xWwydl8JIYlCqB,232150,4,WayV,Love Talk (English Version),Love Talk - English Version,72
0.734,0.629,2,-6.299,1,0.0543,0.0507,0.0,0.0899,0.377,109.982,audio_features,0nNrpT5W9YOvR3bEa7ym12,spotify:track:0nNrpT5W9YOvR3bEa7ym12,https://api.spotify.com/v1/tracks/0nNrpT5W9YOvR3bEa7ym12,https://api.spotify.com/v1/audio-analysis/0nNrpT5W9YOvR3bEa7ym12,222686,4,WayV,Take Over The Moon - The 2nd Mini Album,Moonwalk,62
0.682,0.851,9,-5.193,1,0.0847,0.177,0.0,0.334,0.611,131.011,audio_features,1Z6yAybe9wz2Revpfy5eSa,spotify:track:1Z6yAybe9wz2Revpfy5eSa,https://api.spotify.com/v1/tracks/1Z6yAybe9wz2Revpfy5eSa,https://api.spotify.com/v1/audio-analysis/1Z6yAybe9wz2Revpfy5eSa,198005,4,WayV,Take Over The Moon - The 2nd Mini Album,Yeah Yeah Yeah,48
0.742,0.749,6,-5.06,0,0.0378,0.232,0.0,0.119,0.485,98.013,audio_features,6bc8VmlNt5S9WJlyw8bBdd,spotify:track:6bc8VmlNt5S9WJlyw8bBdd,https://api.spotify.com/v1/tracks/6bc8VmlNt5S9WJlyw8bBdd,https://api.spotify.com/v1/audio-analysis/6bc8VmlNt5S9WJlyw8bBdd,232694,4,WayV,Take Over The Moon - The 2nd Mini Album,Love Talk,61
0.651,0.638,11,-6.024,0,0.108,0.161,0.0,0.325,0.409,149.902,audio_features,04uvFToQGZkrdWkm65gxmu,spotify:track:04uvFToQGZkrdWkm65gxmu,https://api.spotify.com/v1/tracks/04uvFToQGZkrdWkm65gxmu,https://api.spotify.com/v1/audio-analysis/04uvFToQGZkrdWkm65gxmu,198268,4,WayV,Take Over The Moon - The 2nd Mini Album,King of Hearts,51
0.54,0.296,2,-9.83,1,0.0338,0.844,0.0,0.131,0.383,142.741,audio_features,3Zr1trnK5GcmwMMm40Fjyb,spotify:track:3Zr1trnK5GcmwMMm40Fjyb,https://api.spotify.com/v1/tracks/3Zr1trnK5GcmwMMm40Fjyb,https://api.spotify.com/v1/audio-analysis/3Zr1trnK5GcmwMMm40Fjyb,207173,4,WayV,Take Over The Moon - The 2nd Mini Album,Face to Face,51
0.709,0.71,7,-4.473,1,0.0312,0.104,0.0,0.0173,0.54,98.022,audio_features,2lDoT0PyJm1H4mWAO9p3kZ,spotify:track:2lDoT0PyJm1H4mWAO9p3kZ,https://api.spotify.com/v1/tracks/2lDoT0PyJm1H4mWAO9p3kZ,https://api.spotify.com/v1/audio-analysis/2lDoT0PyJm1H4mWAO9p3kZ,206644,4,WayV,Take Over The Moon - The 2nd Mini Album,We go nanana,48
0.723,0.827,8,-5.417,1,0.0347,0.0119,0.0,0.183,0.168,103.023,audio_features,1FU3x0eu9cUl3AltO6t2KH,spotify:track:1FU3x0eu9cUl3AltO6t2KH,https://api.spotify.com/v1/tracks/1FU3x0eu9cUl3AltO6t2KH,https://api.spotify.com/v1/audio-analysis/1FU3x0eu9cUl3AltO6t2KH,233720,4,WayV,Take Off - The 1st Mini Album,Take Off,62
0.715,0.789,9,-5.137,0,0.0474,0.309,0.0,0.301,0.866,134.02,audio_features,4cUFGGY1rsX8sR5nxaqoag,spotify:track:4cUFGGY1rsX8sR5nxaqoag,https://api.spotify.com/v1/tracks/4cUFGGY1rsX8sR5nxaqoag,https://api.spotify.com/v1/audio-analysis/4cUFGGY1rsX8sR5nxaqoag,217587,4,WayV,Take Off - The 1st Mini Album,Regular,44
0.381,0.844,0,-5.878,0,0.17,0.084,0.0,0.375,0.353,73.828,audio_features,5LQhLNSWjV6IhsSO6b8Xxh,spotify:track:5LQhLNSWjV6IhsSO6b8Xxh,https://api.spotify.com/v1/tracks/5LQhLNSWjV6IhsSO6b8Xxh,https://api.spotify.com/v1/audio-analysis/5LQhLNSWjV6IhsSO6b8Xxh,195853,4,WayV,Take Off - The 1st Mini Album,Say It,48
0.655,0.759,1,-5.986,1,0.0446,0.442,0.0,0.0682,0.831,91.991,audio_features,4CZaAPfc74YaIPBEMFCKXH,spotify:track:4CZaAPfc74YaIPBEMFCKXH,https://api.spotify.com/v1/tracks/4CZaAPfc74YaIPBEMFCKXH,https://api.spotify.com/v1/audio-analysis/4CZaAPfc74YaIPBEMFCKXH,226013,4,WayV,Take Off - The 1st Mini Album,Let me love u,54
0.715,0.776,6,-5.888,0,0.0379,0.0241,0.0,0.133,0.514,93.032,audio_features,0KUcUFRKcFUEMtORVBorDa,spotify:track:0KUcUFRKcFUEMtORVBorDa,https://api.spotify.com/v1/tracks/0KUcUFRKcFUEMtORVBorDa,https://api.spotify.com/v1/audio-analysis/0KUcUFRKcFUEMtORVBorDa,226547,4,WayV,Take Off - The 1st Mini Album,Dream Launch,43
0.202,0.67,10,-2.844,1,0.0326,0.565,1.03e-06,0.12,0.127,170.777,audio_features,1A7pDII9Zy07oCDW3xldgy,spotify:track:1A7pDII9Zy07oCDW3xldgy,https://api.spotify.com/v1/tracks/1A7pDII9Zy07oCDW3xldgy,https://api.spotify.com/v1/audio-analysis/1A7pDII9Zy07oCDW3xldgy,263613,3,NCT U,STATION X 4 LOVEs for Winter Part.2,"Coming Home (Sung by TAEIL, DOYOUNG, JAEHYUN, HAECHAN)",59
0.737,0.932,1,-2.789,1,0.0489,0.0576,0.0,0.153,0.869,125.993,audio_features,2eNY3L2TIYwiHQU78lryhq,spotify:track:2eNY3L2TIYwiHQU78lryhq,https://api.spotify.com/v1/tracks/2eNY3L2TIYwiHQU78lryhq,https://api.spotify.com/v1/audio-analysis/2eNY3L2TIYwiHQU78lryhq,196000,4,NCT U,"The Tale Of Nokdu 조선로코 - 녹두전 (Original Television Soundtrack), Pt. 1","Baby Only You (Sung by DOYOUNG, MARK)",49
0.633,0.874,2,-4.205,1,0.0312,0.00878,0.000143,0.285,0.524,106.028,audio_features,6ApLsx1fLjyQL2j5hBiDG0,spotify:track:6ApLsx1fLjyQL2j5hBiDG0,https://api.spotify.com/v1/tracks/6ApLsx1fLjyQL2j5hBiDG0,https://api.spotify.com/v1/audio-analysis/6ApLsx1fLjyQL2j5hBiDG0,229265,4,NCT U,When You're On The Blacklist Of Bullies Pt.1 (Original Television Soundtrack),New Love,46
0.843,0.722,1,-6.403,1,0.0696,0.0218,5.31e-06,0.0424,0.344,95.981,audio_features,3K8yw3FK4q0j05XabjP6mE,spotify:track:3K8yw3FK4q0j05XabjP6mE,https://api.spotify.com/v1/tracks/3K8yw3FK4q0j05XabjP6mE,https://api.spotify.com/v1/audio-analysis/3K8yw3FK4q0j05XabjP6mE,183020,4,NCT U,Baby Don't Stop (Special Thai Version),Baby Don't Stop - Special Thai Version,43
0.632,0.83,2,-3.388,1,0.0401,0.452,0.0,0.238,0.445,115.02,audio_features,6rPnmk2JbKooVdes8dMsZj,spotify:track:6rPnmk2JbKooVdes8dMsZj,https://api.spotify.com/v1/tracks/6rPnmk2JbKooVdes8dMsZj,https://api.spotify.com/v1/audio-analysis/6rPnmk2JbKooVdes8dMsZj,219126,4,NCT U,RADIO ROMANCE OST Part.1,Radio Romance,41
0.555,0.451,1,-4.575,1,0.0314,0.349,0.0,0.137,0.259,128.014,audio_features,7jb6GXWNyeGUKFaUCpmNX1,spotify:track:7jb6GXWNyeGUKFaUCpmNX1,https://api.spotify.com/v1/tracks/7jb6GXWNyeGUKFaUCpmNX1,https://api.spotify.com/v1/audio-analysis/7jb6GXWNyeGUKFaUCpmNX1,250826,4,NCT U,텐데...Timeless,"텐데...Timeless (Sung by JAEHYUN, DOYOUNG, TAEIL)",56
0.578,0.942,2,-1.693,1,0.0556,0.0428,0.0,0.0833,0.53,127.835,audio_features,0v5VZm8n1l0dEq7gls1a88,spotify:track:0v5VZm8n1l0dEq7gls1a88,https://api.spotify.com/v1/tracks/0v5VZm8n1l0dEq7gls1a88,https://api.spotify.com/v1/audio-analysis/0v5VZm8n1l0dEq7gls1a88,205533,4,NCT U,WITHOUT YOU,"WITHOUT YOU (Sung by JAEHYUN, DOYOUNG, TAEIL)",46
0.578,0.947,2,-1.629,1,0.0588,0.0394,0.0,0.126,0.516,128.021,audio_features,7MtX7pq09iFQ4FlBE5jSL0,spotify:track:7MtX7pq09iFQ4FlBE5jSL0,https://api.spotify.com/v1/tracks/7MtX7pq09iFQ4FlBE5jSL0,https://api.spotify.com/v1/audio-analysis/7MtX7pq09iFQ4FlBE5jSL0,205533,4,NCT U,WITHOUT YOU,"WITHOUT YOU (Sung by KUN, JAEHYUN, DOYOUNG, TAEIL) - Chinese Version",35
0.682,0.502,2,-9.507,1,0.0713,0.0124,8.45e-06,0.107,0.218,108.08,audio_features,0m6knGAWrs6bJfrN0zZ9Qy,spotify:track:0m6knGAWrs6bJfrN0zZ9Qy,https://api.spotify.com/v1/tracks/0m6knGAWrs6bJfrN0zZ9Qy,https://api.spotify.com/v1/audio-analysis/0m6knGAWrs6bJfrN0zZ9Qy,214035,4,NCT U,The 7th Sense,The 7th Sense,51
0.682,0.502,2,-9.507,1,0.0713,0.0124,8.45e-06,0.107,0.218,108.08,audio_features,1VLEqquT268Ke46e5DZ1dH,spotify:track:1VLEqquT268Ke46e5DZ1dH,https://api.spotify.com/v1/tracks/1VLEqquT268Ke46e5DZ1dH,https://api.spotify.com/v1/audio-analysis/1VLEqquT268Ke46e5DZ1dH,214035,4,NCT U,일곱 번째 감각 The 7th Sense,"일곱 번째 감각 The 7th Sense (Sung by TAEYONG, MARK, JAEHYUN, DOYOUNG, TEN)",53
0.622,0.768,10,-4.632,0,0.0692,0.0027,0.0,0.0482,0.623,98.048,audio_features,6ajFtkDNkkk01V4ds5OX6Y,spotify:track:6ajFtkDNkkk01V4ds5OX6Y,https://api.spotify.com/v1/tracks/6ajFtkDNkkk01V4ds5OX6Y,https://api.spotify.com/v1/audio-analysis/6ajFtkDNkkk01V4ds5OX6Y,194082,4,NCT U,DOKGO REWIND (Original Television Soundtrack),New Dream,38
0.634,0.825,2,-3.351,1,0.0395,0.454,0.0,0.233,0.445,115.04,audio_features,5oV1pmABONKzelUXQAxpeh,spotify:track:5oV1pmABONKzelUXQAxpeh,https://api.spotify.com/v1/tracks/5oV1pmABONKzelUXQAxpeh,https://api.spotify.com/v1/audio-analysis/5oV1pmABONKzelUXQAxpeh,219147,4,NCT U,RADIO ROMANCE OST,"Radio Romance (Sung by TAEIL, DOYOUNG)",26
0.685,0.868,8,-3.491,0,0.0332,0.00041,0.0,0.0477,0.961,109.973,audio_features,1xWp7BgiNNIDfVfFxK9YpP,spotify:track:1xWp7BgiNNIDfVfFxK9YpP,https://api.spotify.com/v1/tracks/1xWp7BgiNNIDfVfFxK9YpP,https://api.spotify.com/v1/audio-analysis/1xWp7BgiNNIDfVfFxK9YpP,148869,4,NCT U,DreamWorks Trolls X SM STATION,Best Day Ever,39
